dist_20_0,dist_16_0,dist_12_0,dist_8_0,dist_4_0,dist_20_16,dist_16_12,dist_12_8,dist_8_4
141.50514682816927,157.7251993660382,173.70430779214118,75.26577088690284,76.1888119148778,38.13390047980582,20.253068097525112,109.22657078070105,4.808882921373778
136.99706551254448,152.61477414435421,172.8927869241203,78.62841521742027,78.57407236004008,37.45979312195832,26.11768166384077,107.95648623522958,5.002206086231919
143.9374124277424,158.35704291687102,178.41854988741497,76.84820926243277,79.10516017250687,37.88590912334884,30.284960065915627,114.76822651188778,5.104182551832238
142.69865285174717,157.28549534097468,177.39085856246288,80.03342458240826,77.74014507815984,38.62764095849658,29.4558519868431,108.53170002745036,4.846156872571036
142.34107547249295,160.81070938540643,173.96045025629888,81.08547074117739,78.73983719628,41.84511722927722,19.81674414398967,102.66950853346383,2.902516844428065
143.91601244688877,161.79502499310738,174.92810109471918,78.74960306319821,76.85874262662884,42.60097691148857,21.8493455105561,106.57805197309342,1.891282762794841
142.37989396917004,156.952022329992,173.51631525490228,78.89596143200082,75.85319433417082,39.99340519960138,23.944998850298976,108.88148307081286,5.101277243409022
141.22699034756732,158.55693833542438,174.20536304642928,75.39854806230328,83.16794007375736,37.98748023278525,23.451599226308403,115.35319153769454,7.946900946304849
143.8185505491182,160.88847300374246,176.89943260194886,78.14239242981104,80.94560328692327,40.85247705416,26.13265055113467,110.27109006160627,9.820659942901578
147.33145604388812,164.46868066617202,175.2528143539521,75.82235683066413,75.03416589324392,41.558768162472774,23.766489746872132,106.70662152949484,13.679793905595481
147.06811435437032,163.33369896439135,174.7972609301334,80.3878596840935,79.5784692887472,40.82150331316976,23.753253480290887,102.82289153954235,12.377723183498777
138.0929839811034,155.80947526765007,170.00966844027204,79.16891432149785,77.82169620803865,38.272730816319424,21.955660351030023,107.45309629909781,3.28860850171158
144.40198635556277,161.55289710071114,176.2354671564382,81.70292432935975,77.46647347001064,43.73902417600706,23.65187347633516,106.4403355079088,4.360559839382351
142.880642147065,156.19082202258483,170.72137369260065,87.54772041924363,68.18102567253362,35.414956254341604,23.807453783019454,98.15518445572806,21.07081735639283
148.29074139671144,161.29771449714676,171.02265025053148,78.64384351624568,68.53036371576772,33.796814084103204,29.327932031792713,111.09377033681162,10.503495824402577
144.26631964746207,159.57500979432743,174.6130102847352,88.30088339216786,76.40380848112265,35.2868892137466,34.03321481368797,99.12458761255297,12.594961682184254
150.63467731508058,164.23140448548781,178.28518300142687,81.19313243470002,74.21592096852876,34.56463577788153,30.16957717929878,108.5870993568371,9.097419225024392
149.56051368053954,165.66714768255147,180.24029762996545,80.45985528633709,77.58476147803339,36.172810705594486,32.42140332754401,113.75240306889684,2.9511908497285573
150.30505495798948,165.1521205527056,181.91097521868673,84.24077616196021,69.11626762897367,34.68864342888845,36.97257698124531,111.34922234050183,15.793680886207838
146.6697814340191,163.5313716348219,172.78195144190005,85.91232846238381,71.53588950882339,32.09236306705391,39.23995625113292,98.55228539822765,17.243157339093408
152.0878938616122,165.22268975660492,171.79135248084808,78.43828872324464,69.81003507753766,36.503605910750835,29.933474195091637,102.47663626086563,11.285653182407128
150.35148826394092,169.67477454893546,181.39816403113358,75.28801997236053,72.38458364389447,41.7334557471418,26.85022324815113,112.34096065020029,4.098477415516008
147.89665744462482,167.9597709792013,178.85558223334672,78.78652187538285,75.44495596776757,39.37721313663186,26.96154357743938,106.04917183422752,5.688652211637231
144.5770487631041,159.81969087803552,176.2056482282307,78.80807280027054,79.42551094095016,39.04773788773166,27.37230305319245,109.22713795461058,2.671598602320849
149.73087460192392,168.51955172795172,180.35887468568436,78.11249516671977,77.76647537968611,41.77491483745365,22.358394436161348,108.4175730646535,5.428691287403154
149.97807106669796,166.9380037409374,182.42490005497595,77.0248939387344,69.48449567591918,39.03298183959914,26.24346570299238,114.06504890546937,9.181879982696906
152.90039624548453,166.8467984857281,181.79585728303596,80.86844337387595,78.54665602986108,41.36633304851363,25.295380471393646,111.7689150230492,3.148347790921419
152.10640672936884,166.87204608309486,179.686719353874,77.01667611182856,76.77636379489564,41.34262027573004,22.476407033131697,112.39563393677552,0.9732164597043685
145.1895618872916,164.5131446299922,177.81751660327012,82.20199614951316,79.8906008905354,42.33564031648481,23.41334663375502,104.70882177612671,3.1771002776387522
151.20911185753917,164.7685674360595,180.23176987487778,81.78223627768143,76.55861775860056,37.87881058373974,29.867050460473607,113.89997255253559,5.261924917055465
142.30224143328067,158.61210990110845,174.9044698413312,74.92208288006073,77.9244579279653,43.90839889813972,25.29013055377831,112.30444976658252,3.722864974642274
152.9422229575165,165.82801375551614,184.78521909186566,76.27106462368513,77.59705565629056,45.544335902598,26.82567452322675,120.40493140321786,3.4035415907570052
148.2300492235179,163.61560672108396,181.4905863089745,80.14504105314265,83.68486198142293,40.327726486313004,27.04089992288091,111.19385687372102,5.996331104044702
145.53221597186734,160.55214753299163,179.230550757988,83.74482930210078,87.44960347812439,37.27249103198575,29.568173009856775,105.20235992438064,7.109414140002746
150.9394488849481,164.99306184585134,185.23486934737727,81.25642146526097,90.01862008544917,36.91682030816747,28.433121755901325,114.76576721712313,10.553206076366518
151.43177283758783,165.68522806934135,185.59072518984004,86.78410354149261,89.13326700048871,40.726021900204366,29.039885778326816,106.95386744707562,8.575943184240666
154.66943224142906,170.23888159822098,187.88380077865227,80.2380432637439,89.82526736950051,42.973433820692826,26.17073012627075,117.13541272953636,11.577820944610432
149.7561707385698,163.1561524379586,184.06322329201728,85.79423096333184,88.81383089531877,39.634841118269925,30.55016462058164,114.75476578006936,5.253810000025455
142.86768902684443,159.83318119928146,176.68361175306623,86.80416987910557,81.94517492713781,36.91225093163152,31.758570767771467,99.18155403393186,5.155831908530305
147.38517109031272,163.78494958329136,177.66976965372723,88.8673253571206,87.42883063731561,37.7515581164737,23.487535275152155,98.02285689715987,8.807413809874296
147.77711290123844,163.56627732468155,180.74761105383953,79.73776315260665,97.29530562705709,36.695806604796154,26.38180658314154,111.55200497764432,17.916884142279393
150.07563001525352,167.49761164201757,182.72945635998278,82.5154952190729,90.58013553187511,38.26241476735497,25.951966515889872,108.23835126564087,10.440845230180363
154.07058837992406,169.13257349913502,188.63573352932525,86.91609400324057,91.05551636400388,40.07726442984591,29.905099406207224,111.13061629737709,9.32660927621841
153.13984714095233,171.91939488705006,186.2685801896233,78.7555204444573,90.24743799307272,37.059750283524906,26.410424633674292,118.54485058556571,11.764900296177501
154.97315154788492,174.71700217252314,187.661732121207,86.79947174998841,88.47082044524969,38.67803262423333,25.009665505048435,110.47438773532521,2.1099911585676305
159.60854888478713,179.3326874874147,194.25284744049378,92.42457975416232,86.70305766875744,42.37641186104704,25.27091775140715,113.7464593843529,7.787521269636103
161.95871927838715,181.95698457656968,196.02426866906893,85.21202396762196,84.91597274819047,42.17531782542081,25.066900537043626,121.11084104322921,7.984298272896234
158.62710305875723,177.88366026941938,190.1624729313495,80.41460331719975,82.54477206446307,40.37950102500603,23.48706383069956,124.77782767061083,2.4789096400818273
157.98277461715568,180.27315857841296,195.57232050209834,78.59582190070417,86.64568488035258,40.92826731692693,24.904114335534118,128.7894876829469,8.185157824389096
158.59611019241478,179.33368160178114,194.13938598947496,82.17179641317779,81.15488342091605,36.09781922112303,25.700947965052368,125.09089829169996,7.318170584563982
153.63599801282137,169.11284258100542,181.98579503096303,84.12009608949715,87.53450101773595,37.1453445754579,24.55689061096474,107.50432189211269,6.64195200199318
155.39992955770947,170.92135398309705,186.16899923025068,81.12095666578104,85.84317032061689,39.033596139513705,26.82269256312568,114.69105571823145,7.92529597384295
155.1040829539851,172.75028854666738,189.50315073502358,84.71243423934065,90.97288041973727,39.58681350670182,27.852926909320335,113.55115040943582,7.107663866213171
148.62616538547076,165.2447650717506,183.30320494378705,81.55294323078287,85.25137208377096,41.078344581443,25.689471641080157,111.32393364065827,6.926464211746948
148.54313940988126,161.9319024635524,182.2393494658003,88.1364879917161,90.36088997568002,39.89521532990328,28.692923947959812,103.58371709236421,7.7783497465125135
152.17131286662413,168.81270308758187,186.77275001681974,83.27365956081466,86.9478883764392,42.700573542003255,27.27666058115424,111.43479808683134,8.146615185924336
150.42132075845208,163.4209812390154,182.3607868032248,73.7130175319557,80.12509742025728,39.078250758391825,29.447474236635845,120.19174081564726,7.50091333170804
154.22290664444338,170.2936287570907,189.97314639918636,80.84484951707417,80.7922367072536,44.36107158376934,32.05409556771133,120.52230201623188,9.438287538953492
153.5625961091674,164.35525524486388,185.75076921127328,79.76748371108319,82.21099062117528,39.67684877428654,30.127169550787006,120.07551403979568,3.473594416038018
155.0728392643569,169.49062409627368,185.98911449775068,87.2238227228524,87.8322338066298,39.830993237697214,29.41628982618172,109.88579161594113,10.615982618485267
155.80386039716524,168.6006606709448,182.79056418283938,79.64523415103866,86.56349466046329,38.53353994261495,27.34365284827575,111.34910457870753,10.291378772589034
156.88793486361357,172.22708626541524,190.82652974165146,85.75047888403829,86.42674607782155,41.61935100916253,29.692450575941823,118.00679342201212,8.214881100869555
155.6245470989073,170.82279871384267,188.24802906653323,87.81782364468704,84.94030404608155,39.77683944336528,25.576100725768814,117.44573075579906,2.9162486272944883
150.1991674862975,163.79022624940748,183.58202304614284,84.65423640697733,83.5637381980596,37.505938475263555,28.372011267715187,107.6020317333091,7.093537901266214
148.61737663476296,161.34737426371748,179.78813689754725,82.03703177184616,87.01504056878566,38.60017501868861,28.76135252919944,107.86299888554862,7.822915898917864
152.5249751760746,162.61457130580982,184.1728900907198,83.58484484814826,89.26570839531647,39.257875466973836,29.68106548205681,111.00859158708283,8.535722442570009
148.95707293905954,162.23210411894016,180.86125077305715,84.18517334633293,91.33991653401289,38.41645595485343,29.753436284338584,105.7418344473558,10.029164648275495
150.95489233007135,167.5659195260551,187.13948835336672,77.16616035618904,90.23202257734145,40.79030948529139,29.75485426072977,119.04994685905021,13.300682794114449
154.0982098438044,168.67586769111256,188.96913999495206,80.54933086934024,90.90950718769841,42.31772239961713,28.072127736572114,115.92308089914201,13.988210926612172
154.3476604132276,168.84032027705425,185.20844656690056,85.05901958268379,93.14119665809699,36.62343009996128,26.287001782105154,108.5072766781562,9.747345008157268
154.33046156349175,170.42875239258743,189.93652190902355,81.26859457353845,88.03892920790412,40.320452605830894,29.92098475715145,117.22097870811425,8.29940101324611
160.15386538709987,174.8415713705707,192.81689023904082,84.10315622617428,94.04819406658875,39.0242946124144,27.73258848659323,115.86297764928632,14.068370395086038
147.11498981339588,164.35503198903632,184.28030212698297,85.96945497797645,93.20332066254717,39.33534594712182,27.20441584650952,104.37552953662066,9.281222524839592
149.50351379608372,165.3531929453742,185.12116648235823,86.08279107039726,91.92622151027709,39.92656983634914,27.692352321357973,107.00861320473257,7.977343546158067
156.27110435260957,176.74598752691685,193.1397709218622,83.54567711451882,93.50086012287387,38.9942129057327,27.342969545334128,117.34940506323369,10.765316275402784
158.09972416401456,181.25848784279782,193.70292505856276,93.61051191477819,103.40705413362654,38.606228268542544,24.09738950016312,108.08187956205327,10.968955370901087
157.96539610433356,178.84713184708022,194.28024533070294,86.04232991489145,92.12772924500754,37.727934141972376,26.799555883558973,112.42321663194406,8.991592232492085
157.22594031461173,181.03010737079848,196.16104118182218,87.98154281094033,90.65792651230767,39.13903123839799,26.95178444804317,115.65065095934061,4.539706008119408
157.56711887489743,186.13716431477215,198.3156685588136,94.15621973581217,98.83208604529027,40.60665341221796,26.163163771626113,112.31657051668115,4.903792110364324
151.96963555769514,172.01587162012143,187.54152089797532,87.45180120699528,90.12025922984463,34.276337295192114,24.44842183418818,105.6826037646801,7.475771035762624
148.7640919055374,168.88782098880318,183.81562840024105,78.9870143624452,93.76034069855784,37.39552412515381,24.025300327075097,110.8488344014608,14.958954687079109
151.7854124227525,171.1606116795906,188.82397225667992,80.71180650530631,91.02174313977086,36.98858065221624,27.10904770489713,112.13466800001434,10.950468416449755
152.10545807793505,169.8992820694124,186.82974336430624,82.85807953933882,92.42135553429928,36.42647605156805,27.724270194616505,111.69163760810808,9.577083350270911
147.39035651750174,166.82866473124156,181.77810807078833,78.56254793417622,96.35113709541815,39.83740531360171,24.071878534082742,108.59964503815256,17.84574245075355
144.22230105339366,163.26298516621597,181.79246292988535,82.54682044783391,93.5702021690131,39.72174908403485,26.49583335315755,107.56914139673913,11.06972680836261
149.14996247026414,166.83935835774543,187.29757092617695,84.65856400516442,90.10001328141517,42.144938917941474,28.192373616725792,109.30834818650348,8.656977321279856
147.26388595227007,165.94113956382571,182.79786408105008,81.67290899364252,91.6336117631006,42.81104572210793,24.606447698788646,109.51398803044741,11.042024294615155
148.02085563801268,167.3550495563699,185.1517153095176,84.14967380232437,92.24829507818004,42.85875329435884,26.09166215266042,108.0177696596828,8.100448056936525
146.1776641764918,168.03191278396156,180.74615220064518,95.06870949740586,98.83173541151935,41.77314500549723,25.50593656496693,93.04839453804827,9.406632330926733
144.7582676439311,164.8249430681994,183.4573652436321,91.70813435341694,95.032418937834,39.86600545089638,28.774662932035888,96.36650546759134,4.91326233235444
145.7717306590329,166.63957362161338,183.15946202701738,84.89590142936775,92.93835973096708,38.526136072788915,25.193740703617625,104.08539782119693,8.050807270610003
145.9352731988648,166.26492624926095,180.95510827175903,94.76040399214207,102.0781528285591,39.22569562968035,25.545777359006365,92.58837695222384,7.513752365366003
151.963719738193,176.89739448827055,189.43559521689525,107.93274671217297,101.36895969172544,43.94747002740983,24.261176794383815,86.20206907714106,7.117420052260615
141.53876011582759,159.49780224580127,176.10544936418103,118.43479018035374,101.81834659088624,35.98286809692805,26.84238588466984,60.79041710575265,17.98019907965328
143.81950761822932,163.53173207256225,178.9757682226625,117.30103297801982,107.26777796089866,34.99647221811824,26.995482636544224,63.82338284806895,12.00224441241965
144.52209870794943,167.60022957045496,180.1470121319471,102.73798298394618,97.18663406252936,33.89544248966798,28.373508054465173,80.86490742260733,7.8814258408046545
135.3182829246779,171.01602011934884,185.68912199240708,113.85351723758411,100.68259590784378,36.93917709850762,23.42395447288135,72.6342772528114,15.527370809744777
156.17301356797427,176.67598812620096,188.7974016560279,116.16672897410965,104.88933323543196,36.810085105562,22.87010190241962,75.4708637911883,11.278144536937324
137.53901508760538,154.72221636540257,173.57708416123745,114.84373687250705,96.39102843215161,33.46793685698578,24.983134608350632,61.68122773984917,18.724203713865194
136.0725977946762,151.5356760364101,172.79898344026336,90.10236701750483,94.36083049739264,26.41416583515057,26.367702135548456,89.03862738177864,4.262830895193583
135.33714878939045,156.16751386007778,178.12130727283645,79.18413155099643,89.43675918289289,35.174642397398756,25.026859795786347,104.753767275474,11.796757084884025
142.89564763628562,163.21443230589844,180.48652207250228,79.84909079008983,93.78100519958353,35.69361156665786,26.530253964492008,106.71993672229003,14.070234848568852
141.7983451659287,161.9073785977445,176.99521687734776,82.21053542259043,92.45315197222007,34.16105396298419,21.722377180365893,104.9373438966097,11.468032304742847
144.00980285285462,163.36042358277132,179.29782875939074,83.38088430232338,87.37822580329484,31.395883399962017,24.042617424528142,107.05158756627168,6.859671399568838
153.9558980663154,169.38196285900358,192.53236608824656,83.76616879622635,79.23747955235487,41.857540974528504,30.510725779814262,123.34268190773088,7.17340051674548
148.52298094458726,164.07387717427352,179.186351539417,80.31068114959191,85.39935096348789,34.51581020734845,26.867655831652208,115.600838733074,6.268399400257745
146.80302275208652,159.68375002240322,176.7960593496671,81.84467890512047,83.96932254684006,36.59436527421101,24.813030650729324,109.05890240239347,2.1420149672686453
138.25919069305922,156.69301214993158,177.76516294959794,95.07997347756921,81.23652668860966,38.55060785752567,26.668502242983177,90.02198172619457,15.950485592616655
143.05805685961784,164.29908622651507,180.1521370915331,94.69695260424702,94.00719041849666,42.88348361473406,25.84217540478567,93.96825241214304,11.119655334299873
143.67261713671172,163.57520659840287,178.55901963343845,86.78746600300728,86.56582400319743,40.93985928249992,25.485475009255882,98.81693143084124,11.63592475764091
142.03606074929473,164.67214083421786,181.2072654083645,90.8591015789583,93.18416560283434,41.43805569920994,26.398004602611916,98.69020203522223,12.835868603675062
143.24482719152255,163.00254435999778,183.01735668209452,90.73303342736828,91.210275033433,41.63638515784706,29.632122264063014,103.32361587460292,9.16699422017881
140.18095681626232,163.24098107274176,180.58102688730102,99.7680066853483,90.66885840317393,41.8573837502244,29.44685068728327,90.80954517083315,10.585649504749208
139.96796292737096,156.96901566156356,177.29682380665378,83.21420694564168,78.87228709189294,34.21131374662625,30.474370933010754,103.553700397123,10.794461888984422
141.14846929409978,160.96985980719955,177.74868356939163,89.52950433514732,81.67268138258439,38.29099156315903,23.918306171704266,96.38496546427707,9.322524608129713
149.38008805684976,168.4773463685244,184.26302062962577,93.64037655242458,86.32020496164317,43.11272213701822,28.69001604620019,101.76617292477366,9.262791968672348
149.50204940798642,164.6092036199043,183.0701225588285,84.77452665566581,85.38730252174703,39.95026490388472,27.70383718703015,110.23871804249653,6.410877692734974
145.3321311171573,160.4625501851255,178.6141281969306,91.53385481325287,73.09240236681195,39.046480632508285,32.73501960358725,97.44613084732251,18.84967164647149
149.62245640775228,168.4369365029695,182.97365626674699,85.6443074166283,78.72643572676594,44.56092127057213,26.098672808910294,109.91347392028875,7.981761872244789
149.66507206066973,165.40455990209247,183.06926465103444,86.09710125685652,75.35681489599266,40.52199465538839,29.872749742603713,113.56460690892676,11.394036544994574
146.1181396030686,162.00866608130968,179.74357446357044,87.55509505349171,78.5637541612354,41.56660968474935,26.105523622101614,106.25578440795715,14.699639448586447
142.59219283212576,158.0208859705573,176.52677986322084,88.66880962853072,84.31439933965383,37.432440637040436,27.685911665530263,101.29216161464056,7.907097726213158
142.87530714635966,159.78549285357707,177.94014768937694,89.58998373677883,81.28558013111602,37.287180855834514,26.373493369155376,103.38370859356355,10.04647333054503
148.15222415063516,165.37818356852108,184.69317778355904,86.70234069727287,87.02712896233646,40.83341946417432,28.26302432684034,111.11042543929523,8.276985523255751
150.32671833214428,164.45300820971605,179.96604332643187,84.53600670591636,77.02621409102828,41.13084206624509,26.15683770701721,109.93251507114549,7.715587313497667
140.19020909607787,155.8906833553693,176.21867048498422,86.68694915972951,80.9375846785212,34.921971774780566,26.488254904569096,100.91357537069423,7.463869326965642
144.74657171245872,158.8035277958238,177.83593468330312,82.25496930057278,78.89150027014928,37.12997847399004,27.266739429317237,106.36635505395734,4.401862474627428
148.0625554630246,161.30303032218998,180.3473509616283,89.95794786069094,84.15657341067578,39.23843745329567,27.88547736624604,100.2344801388769,5.879194165938839
141.48390565920863,157.91461963863037,179.97481871452362,94.48047099351004,79.86918768233102,37.92771085105386,30.08868843414344,98.31611748226081,14.75944753677544
148.95812199371068,165.71726341381859,182.17993924675707,87.0938341073489,80.14288778910287,38.74934802097286,27.02114715184155,109.31436558521081,7.181599624165703
146.80579617267827,165.50418992781113,185.94455606899797,90.74820653850288,84.10900495391817,44.292027758604654,28.412087825875574,106.97340775100805,7.39186530726885
148.70527392227672,162.6313564551766,182.05169166480033,93.99723777856967,83.78357529192938,35.068237471255756,31.46047291757411,102.23526608856274,10.622791308260782
142.10718453841108,160.1667293335305,176.63501628662414,87.37650031411694,86.070367260533,34.971558367845624,25.831535490333742,99.95579590880655,2.7318611870494944
144.47268106799586,162.01542841998344,178.80699673185097,76.71656875011791,80.1989108199912,31.461333248859873,25.10977458417919,115.12810002780061,3.5207785559815
140.20730554741124,160.20765722187306,175.1292959269816,83.5172339200694,75.96665879358517,32.84112664800697,24.70418045591076,102.08457856262362,8.07077293410232
141.92669532728695,161.74876976254697,180.4421281154058,88.11747564793593,81.53685059407586,37.57561094656203,26.49889585983406,103.26869607477833,8.275008622746013
142.93943974335673,159.4568198892204,178.81333392785552,81.85850863409354,81.93283056369219,33.36420902617685,27.00834571393508,109.40219020197361,1.3202437490135772
141.13981734097322,159.37780856721128,178.0771101205336,84.95368172156677,86.04888001368191,33.90294675076013,24.087752099692203,104.12131651706176,1.900365662925399
139.73483020895503,157.40958567833516,177.68836290833437,85.33690622877887,82.8016470978946,35.7767543087543,26.087115432543545,106.40326832416433,2.5478897295195297
140.99274682679413,159.3432200023396,178.6160069201563,82.93342848515609,81.79481450666435,37.40570791477792,23.42453785193223,112.75964119240422,3.9712808006315874
143.4978132209696,158.65662426852643,179.1807544584372,80.84409634198981,82.15881655225262,32.30511616953129,25.654565268335716,111.2402948105734,1.35360789302755
144.5642486336144,159.73542072484366,180.69558784724484,83.59156664190263,84.71450657854977,33.66166874404471,28.5774691549626,108.05430459028271,2.017842133569032
148.12303063410232,160.08133250767585,181.12690661541137,85.77760293862288,83.73616407472788,31.141227539650032,29.206039992818855,110.5213313573006,2.247848089174273
144.5066112055687,156.72347741545977,179.67815140797606,81.987024318181,85.17489543407933,29.15137012410435,30.198270645800665,115.46028845398148,3.223708156368537
143.41657333410564,160.5779206982319,179.07076652793668,81.46930200894985,83.30513720119679,34.77796719590932,28.87810033461709,110.11958856327124,2.3782262143829906
142.54474784506726,160.42528044928272,176.14105189949885,81.81506822676056,79.48337810293172,33.107977321116536,25.12987547623913,104.38982604651609,2.7483129433540516
144.53322614525177,162.0066991082524,179.34359643533134,87.60823522499568,84.63239959588084,35.12473214318962,26.73861440994032,104.55999156543315,3.4863262147791354
145.1585078808381,162.46260718290725,181.04004767974382,87.89596269605569,84.46925616684366,34.19399463783549,27.96560130995261,106.09121679784883,4.061142833705654
142.74563252048907,157.10037783291486,178.87265421766526,84.5619967781217,83.21205953955119,30.495170354105824,31.300131546273803,108.44330196444591,2.2047958544438515
144.21006897900912,159.31715524442953,178.31671913454414,86.45740973462365,84.21531086894399,32.18833311163059,28.736778255218404,105.99707333174291,2.9362953936433063
144.7045923531004,157.29662476075768,179.16002134410834,93.20974243415985,88.23628016889757,31.923406891776548,29.724868014385095,101.3930822150899,5.357961302885728
149.0211750723563,162.11831191853972,182.06603443636723,91.49333685968298,91.15733710399235,35.14833257321582,29.813338406234717,102.47402327276329,2.1512594802118077
143.06611652177713,156.6162476118614,175.38571678830442,90.67315945998874,86.876604143006,31.52491330129435,24.054214786532498,99.7259291398838,3.7979033166044744
145.54865864372056,158.93470902486456,180.26401481305217,96.60505537998986,87.74374244286612,35.372917440409715,28.558332707176294,97.10620123497323,10.0555167158443
143.84501700460012,159.1879370812278,178.76936852202547,101.91218017293588,91.28271457031605,35.89121491931207,26.531827244425475,87.7296314928857,13.880873906792653
144.19336482529818,159.4676371908713,181.56480802228992,108.71865176441693,91.40096913385614,38.11135525922671,27.588540834826514,82.98052761577448,18.06027246442387
138.13775727096635,153.43215780238916,175.25462349469575,100.3757447318279,87.52246053177535,32.909177504415915,26.140103336449013,86.4194683450237,16.286164260941003
141.7796291663451,156.16291741701158,174.24218737148576,108.22622927085288,99.50618361728857,29.289162076426045,23.180603646770894,79.80872915051673,21.0156097616128
141.38343219527144,162.70942259310004,180.8071437481047,101.4764776598138,97.6424491949427,34.16862227954968,24.912835570753977,92.5314760886353,13.489942265282796
146.6880167812842,160.46245244968208,180.2283825359629,107.79476805133127,103.91868752300432,31.507131395012337,25.387402300453754,88.64590311619442,18.5902031166255
147.05663656029714,165.79544541914063,183.87619482120678,99.4745139768095,103.77340929892908,37.21550265617997,23.950325793299786,95.76929001629406,15.53527923687843
143.4703148847522,162.9171702105218,181.35794452337026,105.32417505572901,96.4510880945917,34.118025672447,24.138854706471037,86.67891230603007,21.023874667953375
136.70355656063657,151.8812238313373,171.6132667826542,100.33905260259678,97.06984360441679,28.349963300548616,29.486398756609958,83.54953966098225,12.44009517083417
140.109877653817,163.20734626084743,181.32341091837506,109.03596003677093,96.11053671496803,33.8707165611856,29.354091680572843,86.73192729906715,15.76170395389705
141.86304811958814,165.59856177415764,184.92875947913544,104.92509606733411,101.61039183282995,35.469951168488585,26.27332696834535,92.06166516052824,18.2091846392973
136.42010679534482,160.1192460892864,184.41525367202152,110.31913457892237,99.00088637522428,34.3635025833081,29.157726983823686,87.12513183841362,21.908665347246934
142.18568233009572,162.51323196511024,181.66693685410593,105.37862332060921,102.54316129303444,33.63650458922821,29.21973465432394,94.21000991276156,8.67044162183297
146.85708845244653,166.32824375464835,186.9602021500693,107.14835965876898,107.64043721051571,32.858588924426265,26.790079237347822,95.647450994297,20.50558694709289
139.80529091619,154.09350373610215,168.64605680951905,92.83818670353784,92.55986782185003,28.859791331274725,21.363729522224453,91.01881448561039,6.784893136785328
145.82802559061446,156.87266325152063,175.3665265842683,94.72159450254233,89.35080437207468,34.6175257944972,24.157559177049905,91.87586662610492,12.185414789550594
144.71903692373283,158.37562644853801,177.4032022513224,90.47938056098646,86.58093967865777,35.283333012315794,25.64608780211574,97.29375629784847,8.587468683073643
144.67706326395532,159.47157042845487,181.64327532220244,97.53551638634829,90.95407100334702,35.093023089791664,28.16748367112113,92.97478440393888,11.091748004090032
142.6194123815491,156.84920650068204,177.75148808889048,97.21718618163155,90.88277843596731,34.254706906594514,27.562648340454864,90.30459063152293,10.041709745918865
145.0075161590981,160.22825025799014,179.5473166492367,95.00484006296819,92.78444070010379,35.33675103784795,24.055654986627054,96.68494711977905,4.560489573159551
146.53527983659762,163.56024293853065,180.29107914344348,88.98986990264201,92.00020026275983,38.944217284472735,23.06330377789381,101.07671810263241,7.858175350762122
147.91726414344535,165.12846172869047,179.92975645504717,84.98572745812365,93.90982172906328,38.25228649024849,22.939931180546683,102.78891098931764,9.655550569776803
149.37577353125624,166.70077547534007,182.4150536773418,82.00589722471153,89.22395593375605,37.169302285089316,23.78874372510521,108.54198188005748,7.605202931415497
150.20563208999653,168.4080765426606,183.60469582085594,81.88018225700249,80.10406379191087,41.380579032064574,24.75772726310585,108.0832826083691,9.965039440583233
147.478732298597,164.41226589164881,179.0858111324243,77.37608566410151,74.97018735974702,38.1656678369207,24.619040582202608,111.03633340956642,2.832265187212145
143.90046672289677,161.89703877251142,178.65456549612244,81.81596470448147,80.2842624948535,37.49816151448878,26.164458550342864,108.43522697067657,1.5489590381758012
139.15589307360784,158.01042981516375,173.74983910711657,78.83977850622324,76.9058619022389,35.13031071207874,26.908430887591603,104.34456160229541,2.1608975608749743
149.66671929009973,164.8845116872085,183.82430392985634,82.01017585080314,86.63878750673781,33.66345009039466,30.32074199465527,110.80105267859177,5.334844376206993
145.5911276737613,161.62663395995395,181.63322099614737,84.96981535798695,87.13001422300795,33.798545371473026,28.85987740077055,103.69071369246727,6.958462220796711
146.5722419349011,161.3571909918073,177.83683792141028,87.91191823682456,89.82011610595947,32.46798110477869,24.001877603139533,100.7749757388408,2.3290263089832375
146.96779975696532,165.55197276709814,181.86032629861165,91.93362536751486,95.35856642744282,35.57071533091029,26.698184537675825,95.1281018735105,6.422609017766678
150.41791676225859,169.82707237873458,186.88597193871112,93.86786936240635,98.25795538216414,37.26725541773426,26.787090339110204,100.90953786468505,5.632010495580627
149.1009784339901,167.64517821488937,185.97856707699694,95.20056978341991,96.91387461730112,41.4454715686223,25.292330525643024,98.5137623819805,3.627050995629643
148.9806259779372,168.08650329368874,185.18271332626657,95.27478485695806,99.48457030247575,40.36845499742051,23.70929113814259,97.43669260258973,6.4271674395355465
147.06210027324312,165.98445712272854,184.96990851387062,94.47169763975292,99.27469203605796,39.731212966801,25.756771396728983,98.34540243433737,5.771665629414672
141.90405022804867,160.12168377346248,179.01251689609148,92.22386597601988,100.55805394018203,37.03545233386935,26.159810065801892,94.45893172068675,8.988026153964995
145.34625588776842,164.82245258166742,182.0126294484925,94.70751216050284,97.94394154574192,38.64292391835645,25.544134944306442,93.62026987464871,6.159233747248534
146.18904604448113,164.38741516544476,184.17079695661192,89.44597680873989,96.23687583453265,36.23299695441859,27.68025356328854,101.29568266532695,8.152153960204412
146.89520758644653,164.67240826125334,183.5434812288712,97.70093831810946,98.53325977497329,36.27901046704776,25.374684695280624,95.74795183901557,6.57133256219604
141.4008052163477,161.9604830240927,178.40510497411034,93.49962864749074,95.49558934191145,38.79908283253869,24.00559813121293,92.49179131023685,2.6037659673174307
149.83776880337143,167.58913571095715,181.84997252474244,87.77566276907064,96.56832794472689,38.595764713154274,26.335669053953517,101.21307848312684,9.425947963112339
146.64288048903217,168.05685270382776,184.74728580417766,94.79321969293483,96.77264389327624,38.149972012573066,25.431783821569933,97.58628756272918,8.51317448601866
143.78747357850608,163.9130810592454,181.58569649779275,89.72561493861565,96.31275119872534,37.160227344702704,26.73662773428897,100.6424882561293,8.854661786248073
145.54657591639497,165.76911861904884,180.7483338494764,88.52379896588106,92.51092020025789,39.42696340481999,25.47752254960372,98.95340171294302,9.65748727772545
145.4456195792409,162.66638527114432,178.88938333916008,96.27258012154722,91.94700320502618,37.04050320684992,27.40450670615386,90.11495100419313,11.007302417531744
148.04993852231112,166.53224443255797,184.77274390281264,90.93266799441363,94.43745543537128,38.195319430372784,30.06823792367161,104.97007604443952,7.851206692315763
145.80797272511725,163.9718796654474,179.91450036790715,91.69769137482753,90.34979902037709,35.54991396078455,25.64804391944431,94.53327705243254,6.191628496426074
145.57753644203146,161.37448608070062,178.47289368716946,87.59363964895066,89.93511651442154,33.13322598791918,28.755360309049074,98.79550256413862,2.8342819046182544
144.64263435937457,159.02688746841594,177.0772234643249,94.70828967428811,86.64809790362692,36.42007861534882,28.73147871784003,89.93390490319334,9.629818899438023
140.47816570794402,159.85333963592547,175.8947490415972,97.07273536672004,89.10929236794378,35.823842215832016,28.640351219397957,86.30121224967046,9.417386960054243
144.3139111359864,161.61759376342442,180.71729778186204,101.59505914127297,92.2671466835129,35.627956437051566,29.350962046203524,88.99792017404422,10.935137651042297
143.62411433764842,163.07176233908012,180.89918660777323,98.71160617948803,89.82910563029385,36.94361104236805,25.022991494253603,92.29568403559482,10.309618052700621
138.3518681318011,154.79791504322992,174.15560982245842,100.16067945376682,88.77039551274628,30.08519022705302,26.225364126622388,87.04498743101186,11.839114597093864
140.50734270983133,157.52326583195506,174.41783698465028,102.85359232029222,89.6722580218233,34.34814419662175,25.60455167835535,81.74650276680477,15.658449650554076
136.39905327348703,154.615252737419,178.23875914388276,102.03420908153807,85.72943756112622,32.63522365675346,34.742063118629666,85.41883686642092,19.474698439528467
132.68793029857235,153.94340384304888,174.19737768861117,101.45180519079969,87.50377182395493,38.461258039017565,29.331456546658433,81.29310094330326,14.514073596436358
139.440940174191,158.22138243603027,177.9409431532642,103.64942719818563,91.12602279794562,36.34511839943351,27.60916426871244,84.29583378185588,14.32189080588218
136.22294875907937,156.30967729088215,178.4541684811193,97.4433047474971,91.62080241426315,37.3887062891128,33.61287068440752,88.7483156806839,8.02980181936447
143.81958144310065,160.62413430931048,178.77179388843197,95.712507157192,85.87940014034169,36.91890594190995,30.48469717441148,91.3728036932937,10.725263647700562
139.31946094057773,157.3161154296727,174.66808532443426,105.59439145718747,87.67633955751461,33.46110637255233,26.999577752092396,75.4726268692735,17.91806592077716
138.95951351876533,154.55967804148105,171.55044086017367,102.02202479272393,78.88403010138488,34.83359367760767,26.69749217396562,76.66086258378941,23.14750788066544
142.85013463619134,161.61520453294034,178.1852283013658,99.26799654693986,90.74231099822188,35.46090140346079,24.867324947806058,83.25830236587238,11.711059841830892
136.17017965914508,154.58365735956235,173.59971595690808,98.20392642778732,84.97747289662782,34.25633077321343,26.384488484353724,85.28834798058713,13.4227792330986
142.03009786512501,160.73722564453712,177.61106877550873,96.1066769495026,93.17079038883718,37.738786998975954,28.460556790576458,89.26725653527181,2.947769590770186
142.42236564278903,157.72049461470442,176.0739488959071,88.63713265824067,82.94137608022758,35.78954907420715,24.390367040263627,97.10111721251164,6.099139899547121
137.23523149088044,157.74334985233403,169.2359444564525,93.44764228162742,85.11018461263798,37.44394733067536,19.96908163835245,82.09233932070062,10.25773572876001
144.4142702858715,159.48344375425577,173.37600312619102,95.06981582360731,81.25257340296815,31.406709589327512,25.90778280034092,91.94569981260615,16.292188157704402
140.26764068167563,160.7256301816138,178.86629107480636,92.66391282712976,91.18758311201724,34.81762964645422,27.310002698776707,95.36058122170135,10.442690949374004
136.1509986455774,156.01079445324135,171.86587875494183,95.66561389575294,87.32373898592634,33.091191661128235,25.586767267386218,88.5638408849283,10.688134426101724
141.50392260595228,157.1772942701482,174.434082693746,93.19505164712875,90.78345538295787,37.128256656664995,23.696428789869408,92.71439399231484,4.759877960453004
139.4867634663655,158.74729189108513,176.79115690121844,92.65254540697102,87.377546512372,37.04296804590167,27.0022154282467,97.97733081733654,6.030891958651392
144.6336597010857,161.48218218680805,177.18738067809687,93.68847873380001,94.03336189626494,38.139591388869725,26.16590222144295,91.06304856018231,3.9942175133190108
153.800366713861,169.35552369935175,188.1919754839543,92.73754741486538,97.23547614989737,43.36772859071501,28.032078521482873,103.25492975274639,4.92676324461268
138.92914621619204,154.851128528846,175.08573624655062,97.22531571803923,93.76906551082362,40.2342262998745,26.260520110841377,85.17119489262527,6.224446928827695
153.15476123046173,165.99037103493063,186.89035810121516,93.28582131807764,93.53619581709059,45.56260202484059,30.436092326932318,101.34465929352602,1.3034523636961446
145.20267181574948,155.9445223103359,172.43747603956038,84.91574970769086,93.01707199224306,34.74661051879085,27.72399657350055,95.24269290911413,9.023634929956144
160.85802807709157,173.08406922421386,189.16232055036247,91.56901830607089,99.73822416421348,41.65766777962553,27.472918209165822,108.04345348012328,8.169253656792211
144.76510903555535,161.14833784273185,177.13235023285813,85.06685383081704,91.76324334200929,39.188216819425286,24.75710510622642,102.82692610102441,8.497673209376442
142.60688999367375,159.68010162055833,178.0881972879418,91.18067419462035,88.13084252951982,40.0800050002822,29.4861102801127,93.66060873579076,3.0606245085897283
145.2185430589185,156.79830349668535,176.0158948350541,87.44898706393114,85.33984614479637,32.18619192486955,31.09784510637477,101.54612617249008,12.280730862042377
140.5509404270856,158.88425732784336,173.13512530951877,94.65133222025646,87.09856018195823,34.85544742788051,26.28639655011559,95.01784969012957,17.040741443614387
143.4448008219788,159.7552160299822,178.05418000364222,96.85682826755611,87.90158295439909,35.9124284200727,28.73335880727764,95.09723391064551,9.181342804706414
148.8793806011793,168.37157510369286,184.137757158826,86.99011987788151,92.38221588277312,45.04887342033248,25.59440257973626,108.02002437160677,11.791902845342387
147.27831799503738,163.92908350839514,178.21192764961634,82.74667789069566,87.72196736203597,39.33442142223428,23.335290383106987,104.990102671969,8.686507584365458
147.53601852916103,165.35755166086452,180.72389121520567,86.95540886091791,84.53909751052264,40.95191352981782,24.478150453705403,105.87573664672101,6.573892414793131
144.66141991165063,163.59295734909222,177.56225221875187,89.86088078154735,88.02653494019108,40.05658668264173,22.828536867712852,98.04361683830302,6.065128452232834
144.30989189984362,163.36936503527684,177.74851439885796,87.63277259629562,85.79346364345669,40.23404639828041,22.147846677313627,100.04847245884065,6.698101284496102
146.63102033777213,163.2760669786647,177.96597620195828,92.23986739713382,88.28227838829386,36.55173267098258,24.652384179256522,98.72480288430134,9.27642247651337
145.13771158559823,162.0334015247243,176.37789377298122,93.7008999099746,89.97879621021364,38.15412433820334,24.193756725399133,94.55318690193275,5.478797369527426
145.02373545376102,163.0064975115238,180.01042387523407,86.26871123994019,85.0921173823373,41.3076712939032,26.95454675509454,106.15876066187074,1.5449198058659457
145.7453544731347,162.5535870334256,180.79249028995397,87.84736432368834,86.18722404803677,40.56274452050546,27.712836509326902,106.05843979469061,2.8580888796239625
138.65135018760725,156.97268147898546,176.33206418805548,93.87944261555228,91.61623604920565,38.301806753219324,26.440281268885272,92.6497157862647,7.571784269862674
144.96519404820222,161.29836292940445,179.68602998041266,88.9229956323089,93.52665889774305,36.49813488511661,28.936065994143533,100.13280453841662,7.077217894607169
143.36532861256467,161.45632439804268,179.1401321942012,87.09330109089468,92.94201400069468,40.66065461933971,23.999237524991162,103.00385432629038,6.860305566820191
145.13642419673107,161.76386310245041,179.02826955324142,87.63933311847771,94.10528479069447,37.12995432166654,26.89552880821467,103.79149630857879,6.950218014822734
148.6538088137192,168.68522365728026,183.6990647631266,92.51382155084099,97.75248170435142,42.89468187895122,26.833434129040075,103.96205779672303,8.783670085249387
142.96775568909192,160.25974650985256,177.2786246966754,90.88437899167792,92.56781026855124,38.7973377162673,24.174660815112723,102.69401176055548,1.6889616786869783
142.47383918172892,159.99998711857955,177.04594044007402,83.33545545132164,89.54434678050146,34.58325929622896,28.349681008511002,106.82448726649656,6.603104937742842
144.3564039221672,162.2515291239946,180.97841841928755,89.40286476832583,96.26670222119357,36.54657718044726,30.842691632536965,100.96848890951885,7.186294774828871
145.32546556428503,162.965538583059,175.89123951959175,82.41003352417705,87.1244621774317,37.14449582267295,25.346839315619466,103.50739256149312,4.798256448587968
144.80118434063664,159.49912358424626,178.94140604257174,85.88311971572065,92.19722858823486,33.72396865994999,32.12491089743023,107.69995815671058,6.364062958649896
143.3786506253605,161.78250330856736,179.94780600282755,84.07490337755166,93.08834066505291,37.50336161931756,30.922858704771617,107.33406488549532,9.605020556366963
145.53497089242447,164.8459575046412,182.55981901088177,90.0291970836772,91.31156388716681,40.820805316242705,30.429356774308186,106.05133184286207,1.352431455697188
148.6464628286003,167.05575154703234,184.17373317352246,89.979928016614,92.45125239231298,41.07725736011386,30.292697837592467,107.01248806290529,2.705439616271783
143.3790796565137,157.61978476097863,174.06082063723892,78.31981271588175,88.69401873128919,36.03805680984203,29.448269325207512,109.6317974459668,12.082067168441696
148.2724987516201,164.75415350273778,178.09282675278797,83.97737086046382,90.28772911746064,38.31662786265503,26.171446478400487,108.95392293159739,8.029450953123273
141.5685441922891,155.7260347150268,171.17738811529549,73.77535070882901,85.86379305064088,39.07754584203253,26.80985726345863,109.1512354449016,12.664154248497997
146.57142776335755,165.86897527987222,183.45810771992046,83.13047750141136,93.47073115825202,37.27377832735936,33.03032190139965,110.45597499187357,10.361364369560455
143.6977771310879,161.13581823795747,175.69827849439733,80.10101001507032,89.01318559656335,35.31140399172041,27.02829245259048,108.118616498056,9.256194143546121
143.01729590533083,160.07332523283114,174.2741083758142,76.69501168930022,82.28685961595367,38.313479487787774,23.781834844636577,111.33615867320327,7.081188154942172
145.44783672878938,160.85813681652175,177.16593368551096,82.59745182984653,86.88026794177046,34.1920668152187,27.74227474683406,108.8264816283984,4.617258144225906
147.88684708275545,159.58995924297002,175.64324972644522,82.7700460929894,82.77801353445221,34.10283774498866,29.939850851062907,104.66172912469997,8.134770027485168
142.7496910969583,157.93818630337228,173.7284049734924,82.05184761607752,77.02231474408487,35.043326778439145,28.47819602025822,99.19632919168704,6.897763091392132
139.1401588666555,156.94493051919275,173.95052346524807,89.1677062065502,74.92625216565659,33.09515217085988,28.57756682717281,93.46387813998409,14.259103860542062
141.382198081075,158.5886786025349,178.63154701140868,86.42453016185144,84.29802923698848,34.71857882316948,28.854770920468958,102.44977318945527,5.8976526499652095
135.63820418656883,156.08624982767188,176.14886854006937,86.30803863244016,88.47468354619761,34.67351942447999,28.146827560069518,102.21307963158122,4.693390572433708
150.0469693768008,167.9886345823511,185.40506907306883,93.18804147771426,100.19932385521652,44.41578305404763,26.51892081467937,104.58917438095342,11.087595801041797
143.7211379694844,159.079279500244,177.04547262323482,85.54902430680322,90.15200881111811,35.323918135197964,25.49751706947563,104.48109672478242,4.638359113012265
139.96698431754348,157.2494609402892,176.34899077167657,83.20428589520742,82.59014976797917,35.49036833148825,26.013639748212,104.35026055332972,3.9955284212499964
136.4888040795615,153.3283173357409,173.733647053142,86.66656160449139,83.47208571945853,34.14457888182516,27.36054816845901,98.92162768667106,3.294930143888643
136.81610255885718,156.48936906664545,174.1846807708224,82.9675878169961,85.30130707063134,34.83937194589718,25.891711654512164,101.47195862854333,2.3474535386947024
142.31738098149225,158.99909423850212,176.61339126703655,80.01324791149199,86.69747214499519,36.29535016585627,25.6014503188691,108.27125739355365,6.751240658160679
147.33680015547333,164.29181263337935,180.45688087579506,78.13797473050484,89.68028017777223,34.717729263565296,27.368024004240525,111.73150902061334,11.594688482946127
149.43618289813585,164.85385121152407,186.60288398112115,87.76032438466181,85.87454531500985,42.854877108371596,29.999571971018785,113.91659775557673,2.3432148233483745
149.27091515419002,164.46090104909024,185.16901095474404,84.24802761639127,89.46769424206097,41.536981939676004,30.516524233764216,117.35430177496266,8.294421984664478
149.16845272012384,163.3370291482283,183.2731310768774,80.07756785747635,85.82720471386575,41.33996367445301,29.867794761860157,114.39274383660228,7.983396403490326
152.47017661163915,166.77283920471496,187.0361915525424,83.93838693110786,89.00327554995954,42.718915959834334,27.9660693855779,118.8141085884938,7.336230612664395
147.65846657507097,164.72855313132447,184.977000175436,89.14165264845032,91.42247926499303,43.00027582245177,28.778450971638698,110.10981793662575,9.084887547605577
146.93761104348673,163.13862657923326,181.85077503208242,88.06681650882433,89.59518004979928,41.03298653201605,26.77818365439185,110.46897126315706,5.021245808546584
142.61344409098692,160.77174944885968,180.6210321216479,87.78919073894419,92.02538474253865,41.865480930641034,26.794496473110698,105.1350032102791,4.2450372037302735
138.3383040572487,156.23667284969335,177.92371011598547,89.92766412798694,91.20261434288126,35.915440880938334,27.134514312806346,100.68751466178219,5.4807652342825
142.53779667185646,158.5043229616984,180.11019112096304,83.87816307388638,85.87993688340741,34.18030474322494,29.45200371647896,108.77453663599559,5.151119277059932
141.32137040020996,153.85479902736785,174.2097592452912,84.37861157106418,90.5841111451488,34.41168345026718,26.282811829615344,105.77735236711268,6.247713447837778
142.90439704931396,157.35701950822036,173.8921241689996,84.3904867687256,86.11161703689841,30.450676570373606,25.251958895073795,100.29918164744507,1.721615861271109
141.05578174664998,158.47499140288838,178.61144383587467,89.06865002502151,89.60649235588893,32.5702276741323,28.503835955166164,101.0504564564417,5.468846396316164
142.73058950867642,158.3392145487128,181.7102262654738,84.10044569622582,86.74007860331432,32.677876098432655,29.71083097909139,108.57098451687624,4.324923706505822
146.96493853030987,162.05836056558547,178.80123644639795,81.89320512398068,93.95290927446491,39.901827720472255,23.989687546371727,106.95839808009181,13.158412529349777
144.13705535583722,160.5832966622289,179.6711423086794,88.13533930982376,91.8715720304547,35.32248073065357,23.829786763346064,103.23404375178906,7.708640770606507
140.72708577078237,154.4220738950652,175.8581323992435,88.64532996471887,84.36051561946745,32.20549377458422,24.27781893243258,104.60659828363997,4.315413029271252
143.78446609565918,159.877351367636,176.48325326560706,98.4526426750367,86.94125880910265,35.8968880931217,23.127199666522543,87.56767115549711,11.860411341533407
141.75315954514252,158.0518019056838,178.61272587459928,94.30229558429441,84.21634858211914,34.01979420968119,27.303987090036976,95.08002255262087,10.088501764796304
142.63375552221112,159.53653590486937,176.9828164915855,92.47967398621853,78.89231276155571,37.925931824803826,23.15469062949447,98.90707146710173,13.940802871140056
147.44062210422913,164.5995078581996,179.25745441863978,87.8308548326621,81.12230228456849,36.016768012022816,23.944250634689354,97.67645848338103,6.964817775163337
142.672552214239,163.29571264744004,180.27163847510886,96.01255320334111,85.95645597562823,38.49563195344133,24.217277772191867,89.48345886155352,10.223946859875586
148.117220466265,165.44465985492127,180.94695174510036,93.4510650864607,79.7573413217285,39.41009491460239,23.75588788889848,94.4121361472895,17.115125810389745
147.33278462572991,163.0082293342409,178.87039027863136,98.40617785138228,87.69059331013669,32.90573211995685,22.103087239243923,89.8874217740686,11.40990610508196
149.15300903258785,167.26551340188587,182.3331204435915,94.73929021349439,86.75386275096572,33.2578380222472,26.268340455444427,96.44355805774921,8.594519150787155
147.08862787695418,163.7846858630158,180.837912300201,102.49649497669778,84.90798319026574,32.342810931691965,23.76971217301144,83.9008606604937,21.858719894364302
154.0649934683785,169.71993372091993,184.09178296974287,99.61294761002094,89.90025134290448,30.012447686722158,20.260548516647017,91.79567828944784,21.02370931403978
142.18299492443214,157.81668125978027,175.38152432756624,85.39180692220567,74.58897293096567,36.998933481319604,21.09542714261117,96.84305002472415,10.814192389901676
